instance,|V|,|A|,|B|,T,model,cost,meters,tourMinutes,blocksMeters,blocksMinutes,numVisitedBlocks,numVisitedNodes,numOriginalVisitedNodes,numRepeatedNodes,numRepeatedArcs
10,75,5550,10,120.0,SOL-STATS,10.0,20524.0,30.786000000000005,4027.0,24.162000000000003,10,156,491,128,61
11,105,10920,15,120.0,SOL-STATS,15.0,29838.0,44.757,6309.0,37.85399999999999,15,292,767,202,174
12,107,11342,15,120.0,SOL-STATS,15.0,35754.0,53.631,5624.0,33.744,15,287,856,218,225
13,116,13340,15,120.0,SOL-STATS,15.0,29818.0,44.727000000000004,4861.0,29.166,15,345,825,200,170
14,96,9120,15,120.0,SOL-STATS,15.0,27188.0,40.782,5800.0,34.8,15,252,627,173,152
15,107,11342,15,120.0,SOL-STATS,15.0,29534.0,44.301,6543.0,39.257999999999996,15,342,688,185,140
16,222,49062,20,120.0,SOL-STATS,20.0,48949.0,73.42349999999999,9298.0,55.788000000000004,20,711,1338,330,323
17,163,26406,20,120.0,SOL-STATS,20.0,31159.0,46.73850000000001,7953.0,47.717999999999996,20,447,829,174,165
18,223,49506,20,120.0,SOL-STATS,19.0,53837.0,80.75550000000001,7544.0,45.26399999999999,19,559,1339,359,330
19,146,21170,20,120.0,SOL-STATS,20.0,36533.0,54.79950000000001,9373.0,56.238000000000014,20,365,873,210,165
1,31,930,5,120.0,SOL-STATS,5.0,5029.0,7.543500000000002,1585.0,9.510000000000002,5,48,153,31,1
20,165,27060,20,120.0,SOL-STATS,20.0,50277.0,75.41550000000001,8579.0,51.474,20,730,1399,287,412
21,216,46440,25,120.0,SOL-STATS,25.0,43464.0,65.19600000000001,10839.0,65.034,25,588,1152,293,265
22,225,50400,25,120.0,SOL-STATS,24.0,36159.0,54.2385,12386.0,74.31600000000002,24,503,878,251,150
23,203,41006,25,120.0,SOL-STATS,25.0,44964.0,67.446,10095.0,60.57,25,538,1165,283,259
24,264,69432,25,120.0,SOL-STATS,24.0,38075.0,57.11250000000001,11849.0,71.094,24,550,950,214,192
25,236,55460,25,120.0,SOL-STATS,24.0,44945.0,67.41749999999999,9978.0,59.868000000000016,24,516,1073,284,231
26,214,45582,30,120.0,SOL-STATS,29.0,41741.0,62.61149999999999,11780.0,70.67999999999999,29,549,973,267,207
27,266,70490,30,120.0,SOL-STATS,29.0,39952.0,59.928,12145.0,72.87,29,618,1041,290,213
28,236,55460,30,120.0,SOL-STATS,29.0,35816.0,53.724000000000004,12725.0,76.35000000000001,29,517,873,246,157
29,235,54990,30,120.0,SOL-STATS,29.0,40192.0,60.28800000000001,11915.0,71.49000000000001,29,590,981,244,224
2,58,3306,5,120.0,SOL-STATS,5.0,8629.0,12.9435,2583.0,15.498000000000001,5,99,193,47,48
30,266,70490,30,120.0,SOL-STATS,29.0,35891.0,53.83649999999999,12801.0,76.806,29,504,929,263,165
31,240,57360,35,120.0,SOL-STATS,34.0,36892.0,55.33800000000001,13425.0,80.55000000000003,34,579,948,281,205
32,287,82082,35,120.0,SOL-STATS,34.0,40333.0,60.4995,12229.0,73.37400000000001,34,586,966,258,166
33,313,97656,35,120.0,SOL-STATS,32.0,31496.0,47.244,14319.0,85.91400000000002,32,489,836,230,124
34,263,68906,35,120.0,SOL-STATS,34.0,33928.0,50.89200000000001,13569.0,81.41400000000003,34,477,809,222,111
35,269,72092,35,120.0,SOL-STATS,31.0,30806.0,46.20900000000002,14431.0,86.586,31,486,713,210,155
36,345,118680,40,120.0,SOL-STATS,36.0,33529.0,50.293499999999995,14029.0,84.17400000000004,36,533,840,239,135
37,287,82082,40,120.0,SOL-STATS,36.0,30184.0,45.275999999999996,15070.0,90.42,36,491,702,193,85
38,374,139502,40,120.0,SOL-STATS,36.0,30625.0,45.937499999999986,14986.0,89.91600000000001,36,555,826,190,103
39,356,126380,40,120.0,SOL-STATS,37.0,30365.0,45.5475,15063.0,90.378,37,621,875,226,156
3,22,462,5,120.0,SOL-STATS,5.0,7001.0,10.501499999999998,1924.0,11.543999999999999,5,31,146,28,7
40,269,72092,40,120.0,SOL-STATS,34.0,29612.0,44.418000000000006,15276.0,91.65600000000003,34,398,593,158,86
41,356,126380,45,120.0,SOL-STATS,23.0,10912.0,16.367999999999995,12085.0,72.50999999999999,23,162,285,44,30
42,367,134322,45,120.0,SOL-STATS,39.0,30573.0,45.8595,15559.0,93.35399999999998,39,567,805,220,136
43,408,166056,45,120.0,SOL-STATS,37.0,34964.0,52.44600000000001,14089.0,84.534,37,546,897,276,148
44,335,111890,45,120.0,SOL-STATS,39.0,36079.0,54.11850000000001,13464.0,80.78399999999999,39,633,960,254,186
45,392,153272,45,120.0,SOL-STATS,33.0,38925.0,58.38749999999999,12568.0,75.40800000000002,33,556,985,296,193
46,376,141000,50,120.0,SOL-STATS,35.0,39673.0,59.50949999999999,12816.0,76.89600000000003,35,629,984,253,226
47,372,138012,50,120.0,SOL-STATS,33.0,40084.0,60.126000000000005,12544.0,75.26400000000001,33,510,965,269,170
48,357,127092,50,120.0,SOL-STATS,39.0,33217.0,49.825500000000005,14926.0,89.55600000000001,39,503,775,220,132
49,359,128522,50,120.0,SOL-STATS,18.0,65879.0,98.81850000000001,5172.0,31.031999999999996,18,385,1673,329,401
4,25,600,5,120.0,SOL-STATS,5.0,6394.0,9.591000000000001,2405.0,14.43,5,53,95,29,14
50,460,211140,50,120.0,SOL-STATS,3.0,338.0,0.5069999999999997,879.0,5.274,3,14,14,1,0
51,427,181902,55,120.0,SOL-STATS,7.0,3916.0,5.874000000000002,3512.0,21.072000000000003,7,58,65,15,0
52,329,107912,55,120.0,SOL-STATS,43.0,34952.0,52.428,14875.0,89.25,43,450,909,260,152
53,408,166056,55,120.0,SOL-STATS,1.0,434.0,0.6509999999999998,434.0,2.604,1,16,16,1,0
54,427,181902,55,120.0,SOL-STATS,5.0,747.0,1.1204999999999998,1870.0,11.22,5,23,23,6,0
55,402,161202,55,120.0,SOL-STATS,34.0,44603.0,66.90450000000001,11820.0,70.91999999999999,34,356,1120,288,258
56,479,228962,60,120.0,SOL-STATS,3.0,1292.0,1.9380000000000006,971.0,5.8260000000000005,3,32,46,12,2
57,450,202050,60,120.0,SOL-STATS,37.0,41308.0,61.962,13131.0,78.78599999999999,37,553,933,258,154
58,446,198470,60,120.0,SOL-STATS,4.0,1328.0,1.9920000000000009,1651.0,9.906000000000002,4,28,37,9,5
59,482,231842,60,120.0,SOL-STATS,1.0,445.0,0.6675,445.0,2.6700000000000004,1,20,20,2,0
5,50,2450,5,120.0,SOL-STATS,5.0,7744.0,11.616,1723.0,10.338000000000001,5,62,190,46,6
60,458,209306,60,120.0,SOL-STATS,3.0,938.0,1.407,938.0,5.628,3,48,48,13,0
61,495,244530,65,120.0,SOL-STATS,2.0,116.0,0.17400000000000038,667.0,4.002,2,13,13,1,0
62,533,283556,65,120.0,SOL-STATS,5.0,1674.0,2.5109999999999992,2783.0,16.698,5,43,43,5,0
63,450,202050,65,120.0,SOL-STATS,28.0,54150.0,81.22500000000001,9314.0,55.884,28,495,1364,327,301
64,528,278256,65,120.0,SOL-STATS,1.0,233.0,0.3494999999999999,233.0,1.3980000000000001,1,14,14,1,0
65,502,251502,65,120.0,SOL-STATS,3.0,509.0,0.7634999999999996,894.0,5.364,3,18,18,3,0
66,452,203852,70,120.0,SOL-STATS,6.0,953.0,1.4295,1322.0,7.932000000000001,6,38,43,10,8
67,477,227052,70,120.0,SOL-STATS,3.0,1267.0,1.900500000000001,1174.0,7.0440000000000005,3,17,17,5,2
68,485,234740,70,120.0,SOL-STATS,7.0,4677.0,7.015499999999999,3049.0,18.294,7,82,119,23,14
69,532,282492,70,120.0,SOL-STATS,4.0,393.0,0.5894999999999992,1929.0,11.574000000000002,4,14,14,1,0
6,114,12882,10,120.0,SOL-STATS,10.0,18236.0,27.354,5778.0,34.668000000000006,10,308,498,136,111
70,532,282492,70,120.0,SOL-STATS,1.0,233.0,0.3494999999999999,233.0,1.3980000000000001,1,14,14,1,0
71,567,320922,75,120.0,SOL-STATS,1.0,364.0,0.5460000000000003,364.0,2.184,1,13,13,1,0
72,524,274052,75,120.0,SOL-STATS,2.0,829.0,1.2435,578.0,3.468,2,16,17,6,0
73,583,339306,75,120.0,SOL-STATS,12.0,6578.0,9.867000000000004,7499.0,44.994,12,161,188,46,30
74,598,357006,75,120.0,SOL-STATS,19.0,13120.0,19.679999999999993,8873.0,53.238000000000014,19,429,447,123,104
75,552,304152,75,120.0,SOL-STATS,3.0,779.0,1.1684999999999999,1517.0,9.102,3,15,15,2,0
76,601,360600,80,120.0,SOL-STATS,32.0,49104.0,73.65600000000002,10370.0,62.22000000000001,32,374,1230,341,259
77,598,357006,80,120.0,SOL-STATS,39.0,46284.0,69.426,12030.0,72.17999999999999,39,466,1235,313,266
78,593,351056,80,120.0,SOL-STATS,2.0,173.0,0.25950000000000006,718.0,4.308,2,13,13,1,0
79,542,293222,80,120.0,SOL-STATS,2.0,436.0,0.6539999999999999,946.0,5.676,2,11,11,1,0
7,65,4160,10,120.0,SOL-STATS,10.0,14404.0,21.606,4460.0,26.760000000000005,10,142,266,85,37
80,598,357006,80,120.0,SOL-STATS,1.0,418.0,0.6269999999999998,418.0,2.508,1,9,9,1,0
8,80,6320,10,120.0,SOL-STATS,10.0,16544.0,24.816,4492.0,26.952,10,168,424,132,116
9,70,4830,10,120.0,SOL-STATS,10.0,11553.0,17.329499999999996,4381.0,26.286,10,119,292,83,31
10,125,15500,10,120.0,SOL-STATS,10.0,54505.0,81.75750000000001,6127.0,36.762,10,248,1428,327,192
11,155,23870,15,120.0,SOL-STATS,14.0,55780.0,83.66999999999999,5800.0,34.800000000000004,14,208,1465,511,72
12,138,18906,15,120.0,SOL-STATS,15.0,52547.0,78.82050000000001,7202.0,43.212,15,267,1426,419,195
13,256,65280,15,120.0,SOL-STATS,15.0,54972.0,82.458,7775.0,46.65,15,487,1689,353,117
14,257,65792,15,120.0,SOL-STATS,13.0,59281.0,88.92150000000001,5537.0,33.222,13,315,1624,312,236
15,170,28730,15,120.0,SOL-STATS,15.0,59389.0,89.0835,6069.0,36.414,15,298,1601,477,201
16,200,39800,20,120.0,SOL-STATS,19.0,58029.0,87.04350000000001,6302.0,37.812,19,428,1724,364,267
17,215,46010,20,120.0,SOL-STATS,20.0,49158.0,73.73700000000001,7481.0,44.885999999999996,20,425,1351,356,131
18,158,24806,20,120.0,SOL-STATS,20.0,48811.0,73.21650000000002,9384.0,56.304,20,301,1280,259,104
19,192,36672,20,120.0,SOL-STATS,19.0,48188.0,72.28200000000001,9187.0,55.12200000000001,19,319,1198,229,99
1,25,600,5,120.0,SOL-STATS,5.0,14812.0,22.218,1207.0,7.242,5,39,403,57,1
20,169,28392,20,120.0,SOL-STATS,19.0,53328.0,79.992,7656.0,45.93600000000001,19,299,1407,241,96
21,228,51756,25,120.0,SOL-STATS,22.0,47306.0,70.959,9758.0,58.548,22,338,1165,271,180
22,330,108570,25,120.0,SOL-STATS,23.0,49885.0,74.82749999999999,9357.0,56.141999999999996,23,419,1305,288,102
23,257,65792,25,120.0,SOL-STATS,22.0,49521.0,74.28150000000002,8945.0,53.669999999999995,22,371,1293,278,83
24,282,79242,25,120.0,SOL-STATS,23.0,45513.0,68.26950000000002,10098.0,60.588,23,404,1189,166,90
25,247,60762,25,120.0,SOL-STATS,23.0,49362.0,74.043,9153.0,54.918000000000006,23,417,1279,242,141
26,343,117306,30,120.0,SOL-STATS,25.0,41283.0,61.924499999999995,11258.0,67.548,25,420,1011,198,126
27,285,80940,30,120.0,SOL-STATS,28.0,35878.0,53.81700000000001,11897.0,71.382,28,427,951,192,111
28,320,102080,30,120.0,SOL-STATS,22.0,49330.0,73.995,9001.0,54.00600000000001,22,384,1555,263,181
29,612,373932,30,120.0,SOL-STATS,25.0,47609.0,71.4135,9515.0,57.09,25,346,1141,256,163
2,55,2970,5,120.0,SOL-STATS,5.0,21996.0,32.994,2657.0,15.942,5,76,590,236,73
30,297,87912,30,120.0,SOL-STATS,23.0,36796.0,55.193999999999996,8947.0,53.68200000000001,23,403,906,198,127
31,374,139502,35,120.0,SOL-STATS,24.0,52340.0,78.50999999999999,8554.0,51.324000000000005,24,393,1480,264,81
32,349,121452,35,120.0,SOL-STATS,22.0,52696.0,79.04400000000001,8686.0,52.11599999999999,22,444,1558,288,170
33,340,115260,35,120.0,SOL-STATS,19.0,61488.0,92.23199999999999,6038.0,36.227999999999994,19,391,1919,477,205
34,626,391250,35,120.0,SOL-STATS,22.0,53549.0,80.3235,8554.0,51.324000000000005,22,364,1616,273,146
35,279,77562,35,120.0,SOL-STATS,31.0,39514.0,59.271,12470.0,74.81999999999998,31,370,875,189,98
36,397,157212,40,120.0,SOL-STATS,21.0,60421.0,90.63150000000002,6491.0,38.946000000000005,21,342,1792,599,414
37,510,259590,40,120.0,SOL-STATS,4.0,3515.0,5.272500000000001,1833.0,10.998000000000001,4,46,66,17,2
38,488,237656,40,120.0,SOL-STATS,33.0,46633.0,69.94949999999999,10708.0,64.248,33,435,1179,281,173
39,422,177662,40,120.0,SOL-STATS,8.0,13319.0,19.978499999999997,2515.0,15.090000000000002,8,98,342,62,23
3,45,1980,5,120.0,SOL-STATS,5.0,67309.0,100.96350000000001,1338.0,8.028,5,79,1839,416,416
40,439,192282,40,120.0,SOL-STATS,2.0,338.0,0.5069999999999997,784.0,4.704000000000001,2,14,14,1,0
41,438,191406,45,120.0,SOL-STATS,1.0,499.0,0.7484999999999999,499.0,2.994,1,9,9,1,0
42,385,147840,45,120.0,SOL-STATS,19.0,64468.0,96.70200000000001,5048.0,30.287999999999997,19,326,1836,701,180
43,380,144020,45,120.0,SOL-STATS,26.0,44083.0,66.1245,10837.0,65.022,26,332,1030,217,119
44,505,254520,45,120.0,SOL-STATS,1.0,985.0,1.4775,985.0,5.91,1,26,26,8,0
45,533,283556,45,120.0,SOL-STATS,2.0,1003.0,1.5045000000000002,1003.0,6.018,2,26,26,1,0
46,764,582932,50,120.0,SOL-STATS,2.0,1288.0,1.9320000000000004,765.0,4.59,2,17,31,3,1
47,452,203852,50,120.0,SOL-STATS,21.0,66099.0,99.14850000000001,5025.0,30.150000000000002,21,258,1896,573,382
48,777,602952,50,120.0,SOL-STATS,2.0,1870.0,2.8049999999999997,804.0,4.824,2,19,40,4,0
49,416,172640,50,120.0,SOL-STATS,2.0,605.0,0.9074999999999998,1074.0,6.444000000000001,2,21,21,1,0
4,51,2550,5,120.0,SOL-STATS,5.0,25663.0,38.4945,2573.0,15.438000000000002,5,78,680,29,10
50,447,199362,50,120.0,SOL-STATS,4.0,1514.0,2.271000000000001,2058.0,12.348000000000003,4,14,14,3,0
51,724,523452,55,120.0,SOL-STATS,1.0,100.0,0.15000000000000002,100.0,0.6000000000000001,1,6,6,1,0
52,528,278256,55,120.0,SOL-STATS,5.0,7952.0,11.928,2105.0,12.629999999999999,5,43,167,46,13
53,640,408960,55,120.0,SOL-STATS,1.0,418.0,0.6269999999999998,418.0,2.508,1,23,23,9,0
54,466,216690,55,120.0,SOL-STATS,4.0,5663.0,8.4945,1634.0,9.804,4,44,142,38,2
55,519,268842,55,120.0,SOL-STATS,2.0,1117.0,1.6755,354.0,2.124,2,10,21,2,0
56,572,326612,60,120.0,SOL-STATS,6.0,5477.0,8.215499999999999,2183.0,13.097999999999999,6,44,112,11,3
57,569,323192,60,120.0,SOL-STATS,5.0,3878.0,5.817,1638.0,9.828,5,40,70,14,6
58,788,620156,60,120.0,SOL-STATS,1.0,326.0,0.4890000000000001,326.0,1.9560000000000002,1,5,5,1,0
59,536,286760,60,120.0,SOL-STATS,2.0,507.0,0.7605,86.0,0.516,2,16,23,5,1
60,582,338142,60,120.0,SOL-STATS,2.0,1113.0,1.6694999999999998,350.0,2.1,2,11,22,2,0
61,650,421850,65,120.0,SOL-STATS,7.0,4761.0,7.141500000000001,2773.0,16.638,7,55,94,29,4
62,690,475410,65,120.0,SOL-STATS,1.0,822.0,1.2330000000000005,822.0,4.932,1,29,29,10,0
63,834,694722,65,120.0,SOL-STATS,2.0,1305.0,1.9574999999999996,923.0,5.538,2,20,41,2,0
64,562,315282,65,120.0,SOL-STATS,1.0,452.0,0.6779999999999999,452.0,2.712,1,22,22,1,0
65,694,480942,65,120.0,SOL-STATS,1.0,641.0,0.9615,641.0,3.846,1,20,20,1,0
66,675,454950,70,120.0,SOL-STATS,3.0,2173.0,3.2595,632.0,3.792,3,33,61,19,3
67,786,617010,70,120.0,SOL-STATS,2.0,5936.0,8.903999999999996,6110.0,36.66,2,173,173,26,0
68,979,957462,70,120.0,SOL-STATS,1.0,626.0,0.9390000000000001,626.0,3.7560000000000002,1,32,32,1,0
69,856,731880,70,120.0,SOL-STATS,1.0,698.0,1.0470000000000006,698.0,4.188000000000001,1,11,11,1,0
70,713,507656,70,120.0,SOL-STATS,2.0,1030.0,1.545,722.0,4.332000000000001,2,20,20,6,2
71,740,546860,75,120.0,SOL-STATS,2.0,536.0,0.8040000000000003,841.0,5.046,2,13,13,1,0
72,666,442890,75,120.0,SOL-STATS,5.0,2700.0,4.05,1091.0,6.546,5,50,84,12,5
73,777,602952,75,120.0,SOL-STATS,3.0,1723.0,2.5845000000000002,615.0,3.6900000000000004,3,32,57,6,1
74,715,510510,75,120.0,SOL-STATS,0.0,79642.0,119.46300000000001,0.0,0.0,0,0,2330,630,415
75,907,821742,75,120.0,SOL-STATS,2.0,1333.0,1.9994999999999994,1012.0,6.072000000000001,2,10,12,2,0
76,802,642402,80,120.0,SOL-STATS,1.0,446.0,0.669,446.0,2.676,1,13,13,1,0
77,712,506232,80,120.0,SOL-STATS,2.0,446.0,0.669,609.0,3.6540000000000004,2,24,24,1,0
78,741,548340,80,120.0,SOL-STATS,1.0,262.0,0.393,262.0,1.572,1,12,12,1,0
79,829,686412,80,120.0,SOL-STATS,2.0,694.0,1.0410000000000004,1197.0,7.182,2,24,24,1,0
80,902,812702,80,120.0,SOL-STATS,4.0,7659.0,11.488499999999995,9100.0,54.6,4,146,146,40,0
5,57,3192,5,120.0,SOL-STATS,5.0,19369.0,29.0535,1167.0,7.002000000000001,5,21,547,4,0
6,104,10712,10,120.0,SOL-STATS,10.0,58638.0,87.95700000000001,2878.0,17.268,10,72,1647,274,91
7,93,8556,10,120.0,SOL-STATS,10.0,67133.0,100.6995,2056.0,12.336,10,75,2005,470,289
8,110,11990,10,120.0,SOL-STATS,10.0,62001.0,93.00150000000001,2555.0,15.33,10,94,1853,460,310
9,91,8190,10,120.0,SOL-STATS,10.0,31982.0,47.973000000000006,3545.0,21.270000000000003,10,252,880,179,99
10,93,8556,10,120.0,SOL-STATS,10.0,20118.0,30.177,4597.0,27.582,10,225,526,139,109
11,123,15006,15,120.0,SOL-STATS,15.0,56380.0,84.57000000000002,6350.0,38.1,15,397,1456,386,349
12,98,9506,15,120.0,SOL-STATS,15.0,34518.0,51.777,5868.0,35.208,15,298,856,221,189
13,120,14280,15,120.0,SOL-STATS,15.0,51625.0,77.4375,6100.0,36.60000000000001,15,399,1381,371,412
14,97,9312,15,120.0,SOL-STATS,15.0,37217.0,55.825500000000005,5831.0,34.986000000000004,15,403,930,198,222
15,140,19460,15,120.0,SOL-STATS,15.0,41568.0,62.352,6754.0,40.52400000000001,15,396,1047,281,215
16,151,22650,20,120.0,SOL-STATS,19.0,57706.0,86.559,6921.0,41.526,19,466,1412,314,415
17,150,22350,20,120.0,SOL-STATS,20.0,48536.0,72.804,7119.0,42.714000000000006,20,462,1283,328,329
18,133,17556,20,120.0,SOL-STATS,20.0,46377.0,69.56549999999999,7446.0,44.67600000000001,20,399,1050,255,236
19,133,17556,20,120.0,SOL-STATS,20.0,51770.0,77.655,7351.0,44.106,20,419,1309,344,335
1,37,1332,5,120.0,SOL-STATS,5.0,12002.0,18.003,2327.0,13.962,5,81,324,57,21
20,139,19182,20,120.0,SOL-STATS,20.0,50673.0,76.0095,7256.0,43.536,20,485,1364,301,254
21,217,46872,25,120.0,SOL-STATS,25.0,45337.0,68.0055,8959.0,53.754000000000005,25,607,1282,320,295
22,190,35910,25,120.0,SOL-STATS,25.0,46128.0,69.19200000000001,8515.0,51.09,25,479,1190,357,252
23,189,35532,25,120.0,SOL-STATS,25.0,42349.0,63.5235,8685.0,52.11,25,482,1120,265,278
24,186,34410,25,120.0,SOL-STATS,25.0,47952.0,71.928,8794.0,52.764,25,544,1291,344,317
25,190,35910,25,120.0,SOL-STATS,24.0,53462.0,80.19300000000001,8271.0,49.626000000000005,24,549,1474,356,350
26,207,42642,30,120.0,SOL-STATS,30.0,45719.0,68.57849999999999,10773.0,64.638,30,620,1161,320,253
27,205,41820,30,120.0,SOL-STATS,30.0,47269.0,70.90350000000001,10486.0,62.916000000000004,30,621,1259,308,278
28,236,55460,30,120.0,SOL-STATS,30.0,46443.0,69.6645,10630.0,63.78000000000001,30,622,1208,300,272
29,218,47306,30,120.0,SOL-STATS,29.0,45109.0,67.6635,10861.0,65.166,29,641,1162,296,287
2,35,1190,5,120.0,SOL-STATS,5.0,9593.0,14.389499999999998,2066.0,12.396,5,67,236,36,19
30,207,42642,30,120.0,SOL-STATS,30.0,46768.0,70.15200000000002,10481.0,62.886,30,532,1204,357,268
31,250,62250,35,120.0,SOL-STATS,35.0,37995.0,56.99249999999999,12291.0,73.746,35,611,1036,290,172
32,240,57360,35,120.0,SOL-STATS,34.0,39925.0,59.8875,12635.0,75.80999999999999,34,593,994,256,196
33,243,58806,35,120.0,SOL-STATS,35.0,40778.0,61.16699999999999,12359.0,74.15399999999998,35,662,1119,308,261
34,242,58322,35,120.0,SOL-STATS,34.0,40753.0,61.12950000000001,12208.0,73.24799999999999,34,632,1081,264,211
35,262,68382,35,120.0,SOL-STATS,35.0,36471.0,54.70649999999999,12797.0,76.782,35,641,1061,300,268
36,272,73712,40,120.0,SOL-STATS,39.0,36580.0,54.87000000000002,13863.0,83.17799999999998,39,631,929,272,193
37,272,73712,40,120.0,SOL-STATS,39.0,36400.0,54.599999999999994,13870.0,83.22,39,690,994,249,220
38,272,73712,40,120.0,SOL-STATS,39.0,36435.0,54.65249999999999,13726.0,82.35599999999998,39,643,971,254,175
39,274,74802,40,120.0,SOL-STATS,39.0,36787.0,55.180499999999995,13862.0,83.172,39,682,998,263,197
3,36,1260,5,120.0,SOL-STATS,5.0,25266.0,37.899,2356.0,14.136,5,102,617,143,150
40,274,74802,40,120.0,SOL-STATS,39.0,36907.0,55.360500000000016,13792.0,82.752,39,709,959,231,222
41,293,85556,45,120.0,SOL-STATS,43.0,32422.0,48.632999999999996,15371.0,92.22600000000001,43,632,879,235,163
42,291,84390,45,120.0,SOL-STATS,44.0,31463.0,47.19450000000002,15403.0,92.41799999999999,44,606,804,232,149
43,301,90300,45,120.0,SOL-STATS,44.0,32681.0,49.02149999999999,15601.0,93.60600000000001,44,742,943,213,185
44,301,90300,45,120.0,SOL-STATS,44.0,32681.0,49.02149999999999,15601.0,93.60600000000001,44,742,943,213,185
45,288,82656,45,120.0,SOL-STATS,44.0,30751.0,46.12650000000001,15726.0,94.35600000000001,44,588,769,217,143
46,324,104652,50,120.0,SOL-STATS,42.0,41951.0,62.92650000000002,13278.0,79.66800000000002,42,661,1167,302,242
47,320,102080,50,120.0,SOL-STATS,47.0,31882.0,47.82300000000001,16208.0,97.24800000000002,47,581,767,183,110
48,311,96410,50,120.0,SOL-STATS,43.0,41057.0,61.585499999999996,13558.0,81.34800000000001,43,663,1056,276,254
49,315,98910,50,120.0,SOL-STATS,41.0,39832.0,59.748000000000005,13620.0,81.72000000000001,41,507,1000,278,191
4,47,2162,5,120.0,SOL-STATS,5.0,9010.0,13.515,2468.0,14.808,5,79,216,36,19
50,325,105300,50,120.0,SOL-STATS,43.0,39346.0,59.019000000000005,13958.0,83.74800000000002,43,613,996,253,181
51,339,114582,55,120.0,SOL-STATS,41.0,50784.0,76.176,11077.0,66.462,41,765,1408,339,330
52,345,118680,55,120.0,SOL-STATS,32.0,62212.0,93.31800000000001,7332.0,43.992,32,536,1695,434,441
53,349,121452,55,120.0,SOL-STATS,41.0,40113.0,60.1695,13671.0,82.02600000000001,41,638,1096,284,179
54,332,109892,55,120.0,SOL-STATS,39.0,44904.0,67.356,12282.0,73.69200000000001,39,714,1321,330,308
55,357,127092,55,120.0,SOL-STATS,36.0,55674.0,83.51100000000001,9419.0,56.513999999999996,36,442,1412,377,303
56,374,139502,60,120.0,SOL-STATS,37.0,56457.0,84.68550000000002,9239.0,55.434,37,620,1696,441,420
57,346,119370,60,120.0,SOL-STATS,41.0,53347.0,80.0205,10548.0,63.288000000000004,41,664,1566,403,387
58,346,119370,60,120.0,SOL-STATS,38.0,55696.0,83.54400000000001,9413.0,56.478,38,516,1350,389,282
59,346,119370,60,120.0,SOL-STATS,38.0,55696.0,83.54400000000001,9413.0,56.478,38,516,1350,389,282
5,34,1122,5,120.0,SOL-STATS,5.0,9337.0,14.005500000000001,2198.0,13.188000000000002,5,73,248,57,26
60,347,120062,60,120.0,SOL-STATS,45.0,45528.0,68.292,12542.0,75.25200000000001,45,704,1244,330,284
61,374,139502,65,120.0,SOL-STATS,40.0,56529.0,84.7935,9486.0,56.91599999999999,40,716,1584,395,380
62,374,139502,65,120.0,SOL-STATS,45.0,48316.0,72.474,11955.0,71.73,45,571,1247,369,218
63,376,141000,65,120.0,SOL-STATS,44.0,43233.0,64.8495,13064.0,78.38400000000001,44,636,1160,299,281
64,374,139502,65,120.0,SOL-STATS,40.0,56848.0,85.27200000000002,9206.0,55.236,40,489,1517,409,368
65,372,138012,65,120.0,SOL-STATS,34.0,63197.0,94.79549999999999,7380.0,44.27999999999999,34,490,1723,378,429
66,387,149382,70,120.0,SOL-STATS,48.0,31458.0,47.187,16220.0,97.32000000000004,48,562,776,212,146
67,393,154056,70,120.0,SOL-STATS,44.0,28558.0,42.83700000000002,16559.0,99.35400000000001,44,443,690,166,168
68,387,149382,70,120.0,SOL-STATS,37.0,59424.0,89.13600000000002,8533.0,51.197999999999986,37,594,1667,430,474
69,399,158802,70,120.0,SOL-STATS,5.0,853.0,1.2795000000000005,1429.0,8.574000000000002,5,19,19,2,0
6,53,2756,10,120.0,SOL-STATS,10.0,20343.0,30.5145,4753.0,28.518000000000004,10,124,421,87,105
70,384,147072,70,120.0,SOL-STATS,35.0,63810.0,95.71499999999999,7389.0,44.33399999999999,35,324,1583,392,365
71,417,173472,75,120.0,SOL-STATS,4.0,311.0,0.4664999999999999,1989.0,11.934000000000001,4,25,25,1,0
72,421,176820,75,120.0,SOL-STATS,6.0,778.0,1.1670000000000016,2529.0,15.174,6,17,17,4,0
73,420,175980,75,120.0,SOL-STATS,5.0,1431.0,2.1464999999999996,1551.0,9.306000000000001,5,46,50,15,0
74,414,170982,75,120.0,SOL-STATS,4.0,445.0,0.6675000000000004,1652.0,9.912,4,20,20,2,0
75,414,170982,75,120.0,SOL-STATS,4.0,445.0,0.6675000000000004,1652.0,9.912,4,20,20,2,0
76,430,184470,80,120.0,SOL-STATS,4.0,445.0,0.6675000000000004,1652.0,9.912,4,20,20,2,0
77,464,214832,80,120.0,SOL-STATS,3.0,184.0,0.2759999999999998,492.0,2.952,3,6,6,1,0
78,432,186192,80,120.0,SOL-STATS,51.0,39569.0,59.35350000000001,14719.0,88.31400000000001,51,653,1052,275,205
79,434,187922,80,120.0,SOL-STATS,42.0,55216.0,82.82399999999998,9876.0,59.256,42,567,1465,384,341
7,73,5256,10,120.0,SOL-STATS,10.0,19166.0,28.749000000000006,4435.0,26.610000000000003,10,174,459,98,83
80,430,184470,80,120.0,SOL-STATS,4.0,445.0,0.6675000000000004,1652.0,9.912,4,20,20,2,0
8,66,4290,10,120.0,SOL-STATS,10.0,31169.0,46.7535,4265.0,25.590000000000003,10,179,705,155,165
9,84,6972,10,120.0,SOL-STATS,10.0,49207.0,73.8105,4330.0,25.98,10,325,1301,321,327
10,110,11990,10,120.0,SOL-STATS,10.0,68196.0,102.29400000000001,2656.0,15.936000000000002,10,228,1955,604,122
11,128,16256,15,120.0,SOL-STATS,15.0,53678.0,80.51700000000001,4347.0,26.082000000000004,15,197,1630,257,73
12,144,20592,15,120.0,SOL-STATS,15.0,60064.0,90.096,4241.0,25.446000000000005,15,340,1806,585,207
13,160,25440,15,120.0,SOL-STATS,14.0,61211.0,91.81650000000002,5350.0,32.1,14,381,1872,380,244
14,135,18090,15,120.0,SOL-STATS,15.0,52594.0,78.891,4283.0,25.698000000000004,15,276,1698,284,109
15,129,16512,15,120.0,SOL-STATS,15.0,52069.0,78.10350000000001,4368.0,26.208000000000002,15,347,1582,304,164
16,194,37442,20,120.0,SOL-STATS,20.0,53537.0,80.30550000000001,6372.0,38.232,20,435,1742,347,238
17,155,23870,20,120.0,SOL-STATS,20.0,63695.0,95.54250000000002,5213.0,31.278,20,322,1888,341,97
18,157,24492,20,120.0,SOL-STATS,20.0,63983.0,95.9745,4973.0,29.838,20,415,2024,314,257
19,151,22650,20,120.0,SOL-STATS,20.0,61094.0,91.641,5308.0,31.848000000000003,20,318,1803,320,171
1,54,2862,5,120.0,SOL-STATS,5.0,58950.0,88.42500000000001,1526.0,9.156,5,77,1596,456,465
20,156,24180,20,120.0,SOL-STATS,20.0,58380.0,87.57,5414.0,32.484,20,384,1821,409,289
21,194,37442,25,120.0,SOL-STATS,25.0,56915.0,85.3725,7409.0,44.454,25,534,1812,271,297
22,193,37056,25,120.0,SOL-STATS,25.0,57724.0,86.58600000000001,7352.0,44.112,25,477,1780,417,134
23,196,38220,25,120.0,SOL-STATS,25.0,55068.0,82.602,7147.0,42.88200000000001,25,407,1675,280,97
24,193,37056,25,120.0,SOL-STATS,25.0,53730.0,80.595,7399.0,44.394,25,583,1743,323,276
25,193,37056,25,120.0,SOL-STATS,25.0,54664.0,81.99600000000001,7650.0,45.9,25,646,1717,307,263
26,239,56882,30,120.0,SOL-STATS,30.0,51872.0,77.80800000000002,9137.0,54.82200000000001,30,721,1675,337,263
27,326,105950,30,120.0,SOL-STATS,17.0,43162.0,64.74300000000001,4047.0,24.282,17,459,1473,315,187
28,235,54990,30,120.0,SOL-STATS,30.0,45631.0,68.44650000000001,8885.0,53.31000000000001,30,699,1506,244,212
29,234,54522,30,120.0,SOL-STATS,30.0,50948.0,76.422,8799.0,52.794000000000004,30,543,1567,369,147
2,59,3422,5,120.0,SOL-STATS,5.0,52361.0,78.5415,1263.0,7.578000000000001,5,100,1483,440,416
30,228,51756,30,120.0,SOL-STATS,29.0,54326.0,81.489,8517.0,51.102,29,606,1744,291,157
31,244,59292,35,120.0,SOL-STATS,34.0,50553.0,75.82950000000002,9803.0,58.81799999999999,34,626,1670,358,217
32,289,83232,35,120.0,SOL-STATS,33.0,52497.0,78.74550000000002,9518.0,57.10800000000001,33,637,1714,423,222
33,265,69960,35,120.0,SOL-STATS,35.0,47286.0,70.929,10651.0,63.905999999999985,35,676,1492,258,173
34,250,62250,35,120.0,SOL-STATS,33.0,51941.0,77.91149999999999,9537.0,57.222,33,456,1669,330,241
35,245,59780,35,120.0,SOL-STATS,35.0,49244.0,73.86599999999999,10242.0,61.45199999999999,35,653,1596,328,214
36,303,91506,40,120.0,SOL-STATS,38.0,45471.0,68.2065,11682.0,70.09200000000001,38,680,1490,228,176
37,310,95790,40,120.0,SOL-STATS,34.0,46819.0,70.2285,11049.0,66.29399999999998,34,853,1621,299,301
38,303,91506,40,120.0,SOL-STATS,34.0,46836.0,70.25400000000002,11049.0,66.29399999999998,34,697,1514,325,239
39,303,91506,40,120.0,SOL-STATS,31.0,50966.0,76.449,9585.0,57.510000000000005,31,531,1552,225,125
3,48,2256,5,120.0,SOL-STATS,5.0,39960.0,59.940000000000005,1027.0,6.162000000000001,5,78,1126,165,20
40,303,91506,40,120.0,SOL-STATS,36.0,47438.0,71.157,10822.0,64.932,36,581,1356,221,185
41,324,104652,45,120.0,SOL-STATS,36.0,46506.0,69.75900000000001,11115.0,66.69,36,830,1631,306,314
42,345,118680,45,120.0,SOL-STATS,27.0,43097.0,64.6455,7258.0,43.548,27,860,1624,314,393
43,337,113232,45,120.0,SOL-STATS,38.0,43009.0,64.51350000000001,12438.0,74.628,38,698,1317,238,196
44,343,117306,45,120.0,SOL-STATS,35.0,47357.0,71.03550000000001,10373.0,62.23800000000001,35,786,1621,293,246
45,327,106602,45,120.0,SOL-STATS,18.0,23621.0,35.4315,7426.0,44.556,18,275,512,144,138
46,367,134322,50,120.0,SOL-STATS,37.0,50047.0,75.07050000000001,10474.0,62.84399999999999,37,807,1705,298,195
47,367,134322,50,120.0,SOL-STATS,38.0,47146.0,70.71900000000001,10839.0,65.034,38,652,1705,339,190
48,371,137270,50,120.0,SOL-STATS,8.0,6600.0,9.9,1747.0,10.482000000000001,8,153,230,68,44
49,367,134322,50,120.0,SOL-STATS,39.0,48427.0,72.64050000000002,10932.0,65.592,39,733,1622,294,264
4,45,1980,5,120.0,SOL-STATS,5.0,57960.0,86.94000000000001,1058.0,6.348000000000001,5,89,1584,446,437
50,367,134322,50,120.0,SOL-STATS,40.0,46779.0,70.16850000000001,11680.0,70.08,40,679,1568,303,221
51,399,158802,55,120.0,SOL-STATS,40.0,49596.0,74.394,10904.0,65.424,40,603,1595,316,158
52,387,149382,55,120.0,SOL-STATS,24.0,14701.0,22.051500000000004,6343.0,38.05800000000001,24,589,739,184,156
53,390,151710,55,120.0,SOL-STATS,9.0,4442.0,6.663,3497.0,20.982,9,70,83,20,5
54,386,148610,55,120.0,SOL-STATS,21.0,68321.0,102.48150000000001,4660.0,27.96,21,240,2029,687,349
55,388,150156,55,120.0,SOL-STATS,24.0,18997.0,28.495500000000007,6343.0,38.05800000000001,24,571,875,243,177
56,468,218556,60,120.0,SOL-STATS,4.0,327.0,0.49049999999999994,896.0,5.376000000000001,4,15,15,1,0
57,414,170982,60,120.0,SOL-STATS,6.0,1445.0,2.1675000000000004,2908.0,17.448,6,13,13,3,0
58,489,238632,60,120.0,SOL-STATS,7.0,1955.0,2.932500000000001,2779.0,16.674,7,90,90,8,0
59,473,223256,60,120.0,SOL-STATS,1.0,70.0,0.10499999999999998,70.0,0.42000000000000004,1,9,9,3,0
60,469,219492,60,120.0,SOL-STATS,4.0,617.0,0.9254999999999995,1258.0,7.548,4,12,12,2,0
61,515,264710,65,120.0,SOL-STATS,5.0,182.0,0.2729999999999997,1663.0,9.978,5,8,8,1,0
62,508,257556,65,120.0,SOL-STATS,2.0,96.0,0.14400000000000013,443.0,2.6580000000000004,2,12,12,1,0
63,517,266772,65,120.0,SOL-STATS,2.0,1761.0,2.6415000000000006,713.0,4.2780000000000005,2,52,52,12,15
64,513,262656,65,120.0,SOL-STATS,2.0,151.0,0.2264999999999997,1960.0,11.760000000000002,2,21,21,1,0
65,533,283556,65,120.0,SOL-STATS,22.0,8877.0,13.3155,7683.0,46.098,22,358,428,89,82
66,531,281430,70,120.0,SOL-STATS,1.0,298.0,0.44699999999999984,298.0,1.788,1,9,9,1,0
67,561,314160,70,120.0,SOL-STATS,4.0,562.0,0.843,896.0,5.376000000000001,4,26,26,3,0
68,564,317532,70,120.0,SOL-STATS,5.0,1888.0,2.8320000000000007,2618.0,15.708000000000002,5,88,88,7,0
69,534,284622,70,120.0,SOL-STATS,6.0,2014.0,3.021000000000001,1404.0,8.424,6,65,67,14,4
70,563,316406,70,120.0,SOL-STATS,5.0,426.0,0.6389999999999993,1868.0,11.208000000000002,5,22,22,1,0
71,611,372710,75,120.0,SOL-STATS,2.0,151.0,0.2264999999999997,1960.0,11.760000000000002,2,21,21,1,0
72,605,365420,75,120.0,SOL-STATS,5.0,1828.0,2.741999999999999,1747.0,10.482000000000001,5,40,68,8,0
73,607,367842,75,120.0,SOL-STATS,5.0,470.0,0.7050000000000001,1868.0,11.208000000000002,5,28,28,3,0
74,607,367842,75,120.0,SOL-STATS,8.0,814.0,1.221,2924.0,17.544,8,13,13,2,0
75,607,367842,75,120.0,SOL-STATS,5.0,470.0,0.7050000000000001,1868.0,11.208000000000002,5,28,28,3,0
76,665,441560,80,120.0,SOL-STATS,5.0,1809.0,2.7135,2618.0,15.708000000000002,5,80,80,4,0
77,934,871422,80,120.0,SOL-STATS,1.0,99.0,0.14850000000000008,99.0,0.5940000000000001,1,9,9,1,0
78,665,441560,80,120.0,SOL-STATS,5.0,1809.0,2.7135,2618.0,15.708000000000002,5,80,80,4,0
79,668,445556,80,120.0,SOL-STATS,6.0,4501.0,6.7515,2453.0,14.718,6,58,106,14,10
80,667,444222,80,120.0,SOL-STATS,10.0,1955.0,2.932500000000001,4688.0,28.128000000000004,10,26,26,6,0
5,58,3306,5,120.0,SOL-STATS,5.0,20668.0,31.002,1641.0,9.846,5,31,572,19,0
6,95,8930,10,120.0,SOL-STATS,10.0,61848.0,92.772,2252.0,13.512000000000002,10,70,1765,284,86
7,97,9312,10,120.0,SOL-STATS,10.0,57166.0,85.749,2919.0,17.514000000000003,10,62,1628,188,52
8,95,8930,10,120.0,SOL-STATS,10.0,62440.0,93.66000000000001,2492.0,14.952000000000002,10,56,1858,338,258
9,95,8930,10,120.0,SOL-STATS,10.0,50688.0,76.03200000000001,2682.0,16.092,10,73,1478,247,38
